actual_sold,predicted_sold,actual_log,predicted_log,residual_log
0.0,0.029240530101122014,0.0,0.028821180849374746,-0.028821180849374746
2.0000000000000004,0.524480346637219,1.0986122886681098,0.42165359568529054,0.6769586929828193
25.000000000000004,4.901893704908242,3.258096538021482,1.7752732663464073,1.4828232716750749
1.0,1.270938942448987,0.6931471805599453,0.820193377006373,-0.12704619644642767
2.0000000000000004,0.8265383821102672,1.0986122886681098,0.6024225810539073,0.49618970761420245
1.0,3.310259954704849,0.6931471805599453,1.4609982166134914,-0.7678510360535461
1.0,0.890233859121571,0.6931471805599453,0.6367005564019674,0.056446624157977854
2.0000000000000004,0.5362314571044782,1.0986122886681098,0.42933231159221247,0.6692799770758973
70.0,44.15123863976945,4.2626798770413155,3.8100177133686293,0.4526621636726862
0.0,0.14954596675034387,0.0,0.13936705289512988,-0.13936705289512988
0.0,0.4711838599830236,0.0,0.38606742360004176,-0.38606742360004176
0.0,0.10726380070608163,0.0,0.10189192769118786,-0.10189192769118786
0.0,0.9735556807914127,0.0,0.6798368299570617,-0.6798368299570617
0.0,0.19044162384295013,0.0,0.17432435075130387,-0.17432435075130387
31.0,16.94452081332753,3.4657359027997265,2.8872848211685054,0.5784510816312212
0.0,0.12082579051378652,0.0,0.11406572658407632,-0.11406572658407632
2.0000000000000004,0.6109818267712184,1.0986122886681098,0.4768438234181236,0.6217684652499862
0.0,0.12221531305460884,0.0,0.11530468980803,-0.11530468980803
0.0,0.22716577771724877,0.0,0.20470726476650533,-0.20470726476650533
0.0,0.5511470265362723,0.0,0.43899467437367096,-0.43899467437367096
21.000000000000004,45.46204719306881,3.091042453358316,3.8386357899330257,-0.7475933365747096
1.0,1.4335839132544255,0.6931471805599453,0.8893650322341243,-0.19621785167417904
10.000000000000002,69.98328315825414,2.3978952727983707,4.262444400843678,-1.864549128045307
5.0,9.851906517896259,1.791759469228055,2.384340780485371,-0.592581311257316
26.0,55.13354435536512,3.295836866004329,4.027733572432904,-0.7318967064285751
0.0,0.4628246030179395,0.0,0.38036922627794084,-0.38036922627794084
1.0,0.8504846100347578,0.6931471805599453,0.6154475561571031,0.07769962440284217
0.0,0.6175599366722777,0.0,0.48091880183608676,-0.48091880183608676
10.000000000000002,14.063758699847734,2.3978952727983707,2.7122917728946216,-0.314396500096251
2.0000000000000004,0.5511470265362723,1.0986122886681098,0.43899467437367096,0.6596176142944388
51.00000000000001,22.24796729064639,3.9512437185814275,3.1462176998519884,0.8050260187294391
0.0,0.15548242913134927,0.0,0.14451794432620063,-0.14451794432620063
0.0,0.6484341389600456,0.0,0.499825830629659,-0.499825830629659
14.0,13.0202560243376,2.70805020110221,2.6405031428047288,0.06754705829748131
0.0,0.3468892118242026,0.0,0.29779764595673097,-0.29779764595673097
0.0,0.39865855104121645,0.0,0.3355135994476888,-0.3355135994476888
1.0,1.5049987003423402,0.6931471805599453,0.9182882157112804,-0.2251410351513351
1.0,2.0416276594466503,0.6931471805599453,1.1123927864267014,-0.4192456058667561
3.0,13.153866677773722,1.3862943611198906,2.6499878502064975,-1.263693489086607
8.000000000000002,10.95313544499759,2.1972245773362196,2.480993624296346,-0.2837690469601264
56.00000000000001,97.10409463752293,4.04305126783455,4.586029105124543,-0.5429778372899925
0.0,0.1859539354823051,0.0,0.17054745958708817,-0.17054745958708817
0.0,0.2012943805998874,0.0,0.1833996259684041,-0.1833996259684041
0.0,0.708533187709546,0.0,0.5356352174413473,-0.5356352174413473
1.0,0.9530691030373752,0.6931471805599453,0.669402034288227,0.02374514627171831
0.0,0.285509154883141,0.0,0.25115486935005543,-0.25115486935005543
0.0,0.17536549476881008,0.0,0.1615791586048949,-0.1615791586048949
10.000000000000002,14.143267255617264,2.3978952727983707,2.7175560276081394,-0.31966075480976874
10.000000000000002,0.6215473404774576,2.3978952727983707,0.4833808418231493,1.9145144309752213
0.0,0.8016713917370852,0.0,0.588714785030401,-0.588714785030401
0.0,0.36507641616705766,0.0,0.31121040960992813,-0.31121040960992813
6.999999999999998,0.9470906890010444,2.0794415416798357,0.6663363041450785,1.4131052375347573
2.0000000000000004,3.78842013471282,1.0986122886681098,1.566200531279901,-0.4675882426117912
0.0,0.5642966373843972,0.0,0.44743628998562784,-0.44743628998562784
2.0000000000000004,0.5968058114586738,1.0986122886681098,0.46800526600899195,0.6306070226591178
0.0,0.16038260408285718,0.0,0.14874978184186308,-0.14874978184186308
0.0,0.7031386345915382,0.0,0.5324728044691558,-0.5324728044691558
1.0,0.2634677040163356,0.6931471805599453,0.2338600867883945,0.45928709377155075
5.999999999999999,10.1056863630886,1.9459101490553132,2.4074572621080805,-0.4615471130527673
16.999999999999996,0.18193633240246634,2.8903717578961645,0.16715405323745944,2.723217704658705
0.0,2.2875848126915312,0.0,1.1901531957084543,-1.1901531957084543
0.0,21.452181270407973,0.0,3.111387770733802,-3.111387770733802
0.0,0.49163817237963336,0.0,0.3998749605609279,-0.3998749605609279
5.999999999999999,7.380909777838346,1.9459101490553132,2.125956473975702,-0.18004632492038897
2.0000000000000004,0.6266231620527227,1.0986122886681098,0.4865061861995822,0.6121061024685276
0.0,0.5362314571044782,0.0,0.42933231159221247,-0.42933231159221247
0.0,0.22716577771724877,0.0,0.20470726476650533,-0.20470726476650533
0.0,0.40460054000311846,0.0,0.33975294919601856,-0.33975294919601856
2.0000000000000004,1.1179938705720613,1.0986122886681098,0.7504693532052734,0.34814293546283637
12.0,5.965228178552739,2.5649493574615367,1.9409303674349523,0.6240189900265845
0.0,0.7862549354095008,0.0,0.5801212132585433,-0.5801212132585433
0.0,0.11939238269551294,0.0,0.11278602264181473,-0.11278602264181473
3.999999999999999,7.0709228527197485,1.6094379124341003,2.088267831718897,-0.4788299192847967
0.0,0.347674348736708,0.0,0.29838040224885687,-0.29838040224885687
0.0,0.347674348736708,0.0,0.29838040224885687,-0.29838040224885687
6.999999999999998,6.619153329980624,2.0794415416798357,2.03066525197411,0.048776289705725784
12.0,4.560497602950166,2.5649493574615367,1.7156876011913624,0.8492617562701743
0.0,0.29473198076526563,0.0,0.25830370907133376,-0.25830370907133376
5.0,3.120870891987849,1.791759469228055,1.4160645225739517,0.3756949466541033
0.0,0.6266231620527227,0.0,0.4865061861995822,-0.4865061861995822
0.0,0.2416651118612111,0.0,0.21645331097031595,-0.21645331097031595
29.000000000000004,8.178515117575117,3.4011973816621555,2.2168654396510146,1.184331942011141
0.0,0.06174445371387919,0.0,0.05991326647627105,-0.05991326647627105
0.0,4.576677296257017,0.0,1.7185931324119534,-1.7185931324119534
3.0,0.5225988394836374,1.3862943611198906,0.42041863769583043,0.9658757234240601
0.0,0.3072375105805833,0.0,0.26791614007648057,-0.26791614007648057
1.0,0.1705039916824918,0.6931471805599453,0.15743441818008472,0.5357127623798605
2.0000000000000004,7.252631143398036,1.0986122886681098,2.110532075972842,-1.011919787304732
0.0,0.14954596675034387,0.0,0.13936705289512988,-0.13936705289512988
0.0,0.026729260546078118,0.0,0.026378274523258315,-0.026378274523258315
0.0,0.22761205149885558,0.0,0.2050708608371655,-0.2050708608371655
0.0,0.5225988394836374,0.0,0.42041863769583043,-0.42041863769583043
1.0,0.5450247463524314,0.6931471805599453,0.4350399272780269,0.25810725328191836
0.0,0.347674348736708,0.0,0.29838040224885687,-0.29838040224885687
0.0,0.49888392548210264,0.0,0.40472078148722296,-0.40472078148722296
0.0,0.31286563604574225,0.0,0.27221225653185704,-0.27221225653185704
3.0,11.062818839475579,1.3862943611198906,2.4901278986039084,-1.1038335374840178
2.0000000000000004,0.31286563604574225,1.0986122886681098,0.27221225653185704,0.8264000321362528
1.0,1.957798430952299,0.6931471805599453,1.084445218272434,-0.3912980377124887
0.0,0.5362314571044782,0.0,0.42933231159221247,-0.42933231159221247
0.0,0.6244494783979477,0.0,0.4851689758575971,-0.4851689758575971
1.0,0.13951946148794572,0.6931471805599453,0.130606648529189,0.5625405320307563
189.0,15.024791197249929,5.247024072160486,2.774136972909048,2.4728870992514382
1.0,0.9734054203162068,0.6931471805599453,0.6797606901262251,0.0133864904337202
0.0,0.4936167025757101,0.0,0.4012004959464473,-0.4012004959464473
0.0,0.347674348736708,0.0,0.29838040224885687,-0.29838040224885687
0.0,0.16038260408285718,0.0,0.14874978184186308,-0.14874978184186308
0.0,0.49041831050431994,0.0,0.39905682586069174,-0.39905682586069174
2.0000000000000004,9.99836473232593,1.0986122886681098,2.397746601049631,-1.2991343123815213
0.0,0.029850607524835274,0.0,0.029413750484022845,-0.029413750484022845
256.00000000000006,2.129668580436298,5.54907608489522,1.1409271141012327,4.408148970793987
155.99999999999994,48.96918867822306,5.056245805348308,3.9114065890470604,1.1448392163012473
12.999999999999996,0.5225988394836374,2.6390573296152584,0.42041863769583043,2.218638691919428
1.0,0.14890920747515016,0.6931471805599453,0.13881297701092327,0.554334203549022
0.0,0.347674348736708,0.0,0.29838040224885687,-0.29838040224885687
2.0000000000000004,1.4251006441712977,1.0986122886681098,0.8858730262792818,0.212739262388828
0.0,0.5221750852277824,0.0,0.4201402891096501,-0.4201402891096501
0.0,1.4251006441712977,0.0,0.8858730262792818,-0.8858730262792818
1.0,1.3850545657895665,0.6931471805599453,0.869222002816354,-0.1760748222564087
6.999999999999998,13.216752723958434,2.0794415416798357,2.6544210385191427,-0.5749794968393069
0.0,0.21919903699310933,0.0,0.1981941160820763,-0.1981941160820763
5.0,15.102435818057465,1.791759469228055,2.778970553593826,-0.9872110843657711
194.99999999999991,40.11709608759389,5.278114659230517,3.7164239982152774,1.5616906610152395
0.0,0.9720345874968077,0.0,0.679065795325216,-0.679065795325216
20.0,11.515493755740353,3.044522437723423,2.5269673772209735,0.5175550605024495
3.0,14.004865773450785,1.3862943611198906,2.7083745333975235,-1.322080172277633
104.99999999999997,11.442400018451835,4.663439094112067,2.5211099962311936,2.1423290978808733
0.0,1.8537851676490051,0.0,1.0486462420970206,-1.0486462420970206
69.00000000000003,37.054460930542824,4.248495242049359,3.639018316083425,0.6094769259659345
82.99999999999999,40.94854937719197,4.430816798843313,3.7364438525105994,0.694372946332714
0.0,0.4836529155614192,0.0,0.3945072329973941,-0.3945072329973941
0.0,2.118614848250243,0.0,1.1373889443483105,-1.1373889443483105
17.999999999999996,4.727341723978371,2.9444389791664403,1.7452515005644396,1.1991874786020007
0.0,0.029240530101122014,0.0,0.028821180849374746,-0.028821180849374746
5.999999999999999,2.468316675168805,1.9459101490553132,1.2436693682352875,0.7022407808200257
16.0,13.708582672902832,2.833213344056216,2.6884311787070114,0.14478216534920474
0.0,0.347674348736708,0.0,0.29838040224885687,-0.29838040224885687
1.0,0.7533756430226755,0.6931471805599453,0.5615428687918868,0.13160431176805854
5.0,10.51742249216672,1.791759469228055,2.443860888234353,-0.6521014190062981
0.0,0.19252567795904169,0.0,0.17607347642822962,-0.17607347642822962
239.99999999999994,1.5658319379548624,5.484796933490655,0.9422827683177428,4.542514165172912
8.000000000000002,25.172611410060263,2.1972245773362196,3.264713497962663,-1.0674889206264435
0.0,0.172276664029979,0.0,0.15894772475572516,-0.15894772475572516
58.000000000000014,18.54823379208406,4.07753744390572,2.9728849392342847,1.104652504671435
0.0,0.16131384910861576,0.0,0.14955199272039524,-0.14955199272039524
0.0,0.6906388364933365,0.0,0.5251064672666633,-0.5251064672666633
69.00000000000003,90.7001015692695,4.248495242049359,4.518523486887427,-0.270028244838068
10.000000000000002,3.0144844568038724,2.3978952727983707,1.3899089348712186,1.007986337927152
0.0,0.22716577771724877,0.0,0.20470726476650533,-0.20470726476650533
0.0,0.2153192080761003,0.0,0.1950067649833265,-0.1950067649833265
0.0,0.24912447433333865,0.0,0.2224428853718192,-0.2224428853718192
0.0,0.26375217622520936,0.0,0.2340852133888136,-0.2340852133888136
0.0,0.5295783653478765,0.0,0.42499211922169106,-0.42499211922169106
0.0,0.67159493477902,0.0,0.5137782214237278,-0.5137782214237278
16.999999999999996,12.367678656329456,2.8903717578961645,2.592839752728395,0.2975320051677697
2.0000000000000004,5.800793570839341,1.0986122886681098,1.9170393069669804,-0.8184270182988707
0.0,1.5080644903425817,0.0,0.9195113362927828,-0.9195113362927828
20.0,48.1548850395664,3.044522437723423,3.8949762320828887,-0.8504537943594657
1.0,1.5214784891024968,0.6931471805599453,0.9248454315057878,-0.2316982509458425
0.0,0.15548242913134927,0.0,0.14451794432620063,-0.14451794432620063
62.99999999999998,51.10413232970279,4.1588830833596715,3.953244260963407,0.2056388223962644
14.0,6.194378618398431,2.70805020110221,1.973299973635329,0.7347502274668811
0.0,1.2349832188083663,0.0,0.8042337196741971,-0.8042337196741971
0.0,0.10102889387385976,0.0,0.09624510069670195,-0.09624510069670195
0.0,0.44622123912181294,0.0,0.36895411280895224,-0.36895411280895224
0.0,0.39865855104121645,0.0,0.3355135994476888,-0.3355135994476888
3.999999999999999,0.7862549354095008,1.6094379124341003,0.5801212132585433,1.0293166991755571
0.0,0.5286203970666401,0.0,0.42436562736357974,-0.42436562736357974
1.0,4.601271227515309,0.6931471805599453,1.7229935768928348,-1.0298463963328897
0.0,0.45372237689580297,0.0,0.37412742339475263,-0.37412742339475263
0.0,0.42493400951775034,0.0,0.3541255035379633,-0.3541255035379633
361.9999999999999,38.428796452893344,5.8944028342648505,3.6744964237841504,2.2199064104807
0.0,0.4628246030179395,0.0,0.38036922627794084,-0.38036922627794084
0.0,1.0362808078067007,0.0,0.7111250104976032,-0.7111250104976032
0.0,0.5314002046711148,0.0,0.42618248334655373,-0.42618248334655373
0.0,0.6266231620527227,0.0,0.4865061861995822,-0.4865061861995822
0.0,0.13121762701110196,0.0,0.12329459861576378,-0.12329459861576378
0.0,0.053638130493975984,0.0,0.052249061465924826,-0.052249061465924826
3.0,7.070900807064607,1.3862943611198906,2.088265100223918,-0.7019707391040273
92.00000000000003,12.341782358604682,4.532599493153256,2.5909006416527505,1.9416988515005058
5.999999999999999,9.52478943089032,1.9459101490553132,2.3537333728020706,-0.4078232237467574
577.0000000000001,148.07027469624097,6.359573868672378,5.00441783701386,1.3551560316585176
16.999999999999996,11.46399094862573,2.8903717578961645,2.522843762926727,0.36752799496943744
0.0,2.0270006017836293,0.0,1.1075722288448573,-1.1075722288448573
0.0,0.10726380070608163,0.0,0.10189192769118786,-0.10189192769118786
0.0,0.24912447433333865,0.0,0.2224428853718192,-0.2224428853718192
102.00000000000001,38.271682165378806,4.634728988229636,3.6705037035619403,0.9642252846676955
0.0,0.31286563604574225,0.0,0.27221225653185704,-0.27221225653185704
3.0,8.745715326419491,1.3862943611198906,2.276827734721115,-0.8905333736012244
12.0,13.527662462600004,2.5649493574615367,2.676054588012492,-0.11110523055095545
0.0,0.7367798946880209,0.0,0.552032763448625,-0.552032763448625
0.0,0.28751534168563075,0.0,0.2527142693570953,-0.2527142693570953
3.999999999999999,12.574063707334561,1.6094379124341003,2.6081608916059413,-0.998722979171841
0.0,0.0,0.0,-0.04787202875860856,0.04787202875860856
0.0,0.2718500456596959,0.0,0.24047256933620484,-0.24047256933620484
3.0,7.778174636845229,1.3862943611198906,2.172268485901274,-0.7859741247813836
158.99999999999994,25.231010953054984,5.075173815233827,3.266942334998625,1.8082314802352015
3.0,0.4836529155614192,1.3862943611198906,0.3945072329973941,0.9917871281224965
1.0,1.5152017550750223,0.6931471805599453,0.9223530210399681,-0.2292058404800228
0.0,0.7502125079167041,0.0,0.5597372136582807,-0.5597372136582807
0.0,0.2724784520537804,0.0,0.24096653574614527,-0.24096653574614527
0.0,0.45372237689580297,0.0,0.37412742339475263,-0.37412742339475263
163.99999999999994,13.545094310911521,5.10594547390058,2.677253776003938,2.4286916978966424
5.0,9.648986198648673,1.791759469228055,2.3654646950091816,-0.5737052257811266
0.0,0.10771911976628827,0.0,0.10230305417203937,-0.10230305417203937
0.0,1.1294892924833868,0.0,0.7558821821850603,-0.7558821821850603
0.0,0.6610106935635098,0.0,0.5074262686378329,-0.5074262686378329
2.0000000000000004,3.845481998243754,1.0986122886681098,1.578046724036202,-0.47943443536809216
1.0,0.6063646697433955,0.6931471805599453,0.4739736568367826,0.21917352372316268
0.0,0.25123403359371566,0.0,0.2241302912012163,-0.2241302912012163
0.0,0.1642660380093862,0.0,0.1520908781854148,-0.1520908781854148
0.0,0.38704362818556115,0.0,0.32717459591049675,-0.32717459591049675
0.0,0.16038260408285718,0.0,0.14874978184186308,-0.14874978184186308
140.00000000000003,20.826203692351996,4.948759890378168,3.083111252202651,1.8656486381755175
3.0,0.5889129617599702,1.3862943611198906,0.46305011057289386,0.9232442505469967
2.0000000000000004,1.59602025145736,1.0986122886681098,0.9539795998350521,0.1446326888330577
0.0,0.12823191048021795,0.0,0.12065172634159169,-0.12065172634159169
0.0,0.5362314571044782,0.0,0.42933231159221247,-0.42933231159221247
1.0,1.5152017550750223,0.6931471805599453,0.9223530210399681,-0.2292058404800228
35.99999999999999,35.57277525842908,3.6109179126442243,3.599304118218952,0.011613794425272328
0.0,0.019286352356737924,0.0,0.019102727871491684,-0.019102727871491684
243.00000000000006,146.8552894084156,5.497168225293202,4.996234021163567,0.500934204129635
0.0,0.3881412524002746,0.0,0.3279656237657047,-0.3279656237657047
1.0,1.012506015672963,0.6931471805599453,0.6993807194603813,-0.0062335389004359865
0.0,1.1695073667538751,0.0,0.7745001218503536,-0.7745001218503536
17.999999999999996,16.72432288052151,2.9444389791664403,2.874937870307485,0.06950110885895544
0.0,0.5450738763529674,0.0,0.43507172561622837,-0.43507172561622837
10.000000000000002,12.553346155355664,2.3978952727983707,2.6066334655736254,-0.20873819277525474
2.0000000000000004,1.9764702793238684,1.0986122886681098,1.0907381284527273,0.007874160215382453
3.0,13.199073328726508,1.3862943611198906,2.653176703937397,-1.2668823428175064
0.0,1.6070952774476783,0.0,0.9582366810605626,-0.9582366810605626
0.0,0.6859449465294547,0.0,0.5223262057425322,-0.5223262057425322
5.999999999999999,0.7884834173975621,1.9459101490553132,0.5813680078805845,1.3645421411747287
0.0,0.9388962002529855,0.0,0.6621188422092256,-0.6621188422092256
3.0,3.2799727266456875,1.3862943611198906,1.4539466372943575,-0.0676522761744669
0.0,0.6777599115906501,0.0,0.5174595177071566,-0.5174595177071566
0.0,0.7879093232028596,0.0,0.581046961372959,-0.581046961372959
0.0,0.2012943805998874,0.0,0.1833996259684041,-0.1833996259684041
10.000000000000002,7.252631143398036,2.3978952727983707,2.110532075972842,0.2873631968255288
1.0,1.8398229541641613,0.6931471805599453,1.0437417101468491,-0.35059452958690385
0.0,0.12780203217721642,0.0,0.1202706342843527,-0.1202706342843527
3.0,0.7351840427633674,1.3862943611198906,0.551113484293779,0.8351808768261115
0.0,0.4628246030179395,0.0,0.38036922627794084,-0.38036922627794084
28.000000000000004,23.594039115270032,3.367295829986474,3.2025041011885302,0.1647917287979439
5.999999999999999,0.3682100897050742,1.9459101490553132,0.31350338175484055,1.6324067673004727
8.000000000000002,9.880128319370684,2.1972245773362196,2.3869380354180527,-0.18971345808183315
1.0,1.268924182096836,0.6931471805599453,0.8193057905619586,-0.12615861000201334
16.999999999999996,37.922269818446466,2.8903717578961645,3.661566575721222,-0.7711948178250574
0.0,0.47793793395969497,0.0,0.39064782838289824,-0.39064782838289824
1.0,0.5330390732069927,0.6931471805599453,0.42725208763204564,0.26589509292789965
48.99999999999999,27.568417827283728,3.912023005428146,3.3523018358952084,0.5597211695329376
0.0,0.6628204103769966,0.0,0.5085152030245219,-0.5085152030245219
2.0000000000000004,0.5222799527099815,1.0986122886681098,0.420209179916664,0.6784031087514457
6.999999999999998,50.95000027380087,2.0794415416798357,3.9502817228157054,-1.8708401811358697
6.999999999999998,4.636964217872026,2.0794415416798357,1.7293456613539098,0.350095880325926
2.0000000000000004,0.47315935178875357,1.0986122886681098,0.3874093134274678,0.7112029752406419
0.0,1.2682425503612889,0.0,0.819005324751082,-0.819005324751082
0.0,0.08075296411531248,0.0,0.07765798720844262,-0.07765798720844262
5.999999999999999,10.217912753092916,1.9459101490553132,2.4175118536528806,-0.47160170459756734
0.0,0.347674348736708,0.0,0.29838040224885687,-0.29838040224885687
0.0,0.25662173577137115,0.0,0.2284269581245326,-0.2284269581245326
0.0,4.555485686090138,0.0,1.7147858515090666,-1.7147858515090666
33.99999999999999,36.297490640654416,3.5553480614894135,3.618926049337223,-0.06357798784780933
94.0,57.80987752665048,4.553876891600541,4.074309825943773,0.47956706565676743
2.0000000000000004,1.787836724408788,1.0986122886681098,1.025265927484931,0.07334636118317883
0.0,0.3162164575116428,0.0,0.2747613007693703,-0.2747613007693703
0.0,0.7470070238945261,0.0,0.5579040516902173,-0.5579040516902173
3.999999999999999,9.893904386720532,1.6094379124341003,2.3882034022312593,-0.778765489797159
0.0,0.4136897445969878,0.0,0.3462031265651724,-0.3462031265651724
0.0,0.22237531983038128,0.0,0.20079594929696493,-0.20079594929696493
0.0,0.6167169908125767,0.0,0.48039754413448177,-0.48039754413448177
45.99999999999999,7.252631143398036,3.8501476017100584,2.110532075972842,1.7396155257372166
0.0,0.14954596675034387,0.0,0.13936705289512988,-0.13936705289512988
16.0,223.3707318154184,2.833213344056216,5.413299736511945,-2.580086392455729
0.0,0.25397791607610687,0.0,0.22632083127105349,-0.22632083127105349
0.0,0.18589157200700204,0.0,0.1704948731305753,-0.1704948731305753
2.0000000000000004,4.98356270416049,1.0986122886681098,1.7890161604885975,-0.6904038718204877
26.999999999999996,13.491830726870951,3.332204510175204,2.673585092511326,0.658619417663878
2.0000000000000004,12.225340938160098,1.0986122886681098,2.582134757235139,-1.4835224685670292
17.999999999999996,15.485687646888106,2.9444389791664403,2.802492589144042,0.14194639002239828
1.0,2.6071565306575297,0.6931471805599453,1.2829197973362059,-0.5897726167762606
0.0,0.347674348736708,0.0,0.29838040224885687,-0.29838040224885687
2.0000000000000004,0.8099976864071221,1.0986122886681098,0.5933255670488081,0.5052867216193017
2.0000000000000004,0.5282799113707952,1.0986122886681098,0.4241428620373353,0.6744694266307745
0.0,1.0325223672723496,0.0,0.7092775671873203,-0.7092775671873203
0.0,0.7373613915665103,0.0,0.5523675206366647,-0.5523675206366647
87.99999999999999,24.276292188568668,4.48863636973214,3.22986688876561,1.2587694809665297
0.0,0.5624125289477468,0.0,0.4462311195879563,-0.4462311195879563
0.0,0.6786268770944108,0.0,0.5179761241518995,-0.5179761241518995
3.0,0.2012943805998874,1.3862943611198906,0.1833996259684041,1.2028947351514865
0.0,0.12082579051378652,0.0,0.11406572658407632,-0.11406572658407632
0.0,0.12221531305460884,0.0,0.11530468980803,-0.11530468980803
1.0,0.18589157200700204,0.6931471805599453,0.1704948731305753,0.52265230742937
1.0,0.5337509264039875,0.6931471805599453,0.42771632105518154,0.26543085950476375
10.000000000000002,36.28057618425031,2.3978952727983707,3.6184724452840675,-1.2205771724856969
0.0,0.38291863245250474,0.0,0.3241962168610868,-0.3241962168610868
0.0,0.13795248997440038,0.0,0.12923058612824442,-0.12923058612824442
5.0,4.630311158130808,1.791759469228055,1.7281647084984197,0.06359476072963521
3.999999999999999,1.5135051326049758,1.6094379124341003,0.9216782461635167,0.6877596662705836
0.0,0.06542735545886455,0.0,0.06337599140434533,-0.06337599140434533
2.0000000000000004,0.7539741791147154,1.0986122886681098,0.5618841726983705,0.5367281159697392
3.999999999999999,4.086065946601039,1.6094379124341003,1.6265046332157165,-0.017066720781616196
22.0,12.621315610922172,3.1354942159291497,2.611635890103611,0.5238583258255387
0.0,0.0899187030426682,0.0,0.08610310909497572,-0.08610310909497572
0.0,0.6442254892362886,0.0,0.4972694461314178,-0.4972694461314178
68.00000000000001,20.75416305655435,4.23410650459726,3.079805144118163,1.1543013604790966
99.00000000000004,11.406058622443842,4.605170185988092,2.5181849518697503,2.0869852341183415
5.0,6.938492438174205,1.791759469228055,2.0717233879840156,-0.2799639187559606
12.0,0.7617850013667085,2.5649493574615367,0.5663275004133134,1.9986218570482235
0.0,0.9648327615931152,0.0,0.6754071330952691,-0.6754071330952691
1.0,0.347674348736708,0.6931471805599453,0.29838040224885687,0.3947667783110884
0.0,0.5389698874529478,0.0,0.4311132883579431,-0.4311132883579431
14.999999999999998,0.6043400261470504,2.772588722239781,0.47271247335435246,2.2998762488854285
148.0,41.437474217923594,5.003946305945459,3.748031797788211,1.255914508157248
22.0,47.18554880558427,3.1354942159291497,3.875059158790829,-0.7395649428616795
6.999999999999998,0.5225988394836374,2.0794415416798357,0.42041863769583043,1.6590229039840052
8.000000000000002,9.331744932547428,2.1972245773362196,2.335221187796402,-0.13799661046018263
11.0,37.50995897049741,2.4849066497880004,3.6509168824016176,-1.1660102326136172
18.999999999999996,53.15095092635771,2.995732273553991,3.991775534259709,-0.9960432607057181
0.0,0.347674348736708,0.0,0.29838040224885687,-0.29838040224885687
0.0,0.13892346517938076,0.0,0.13008348745705253,-0.13008348745705253
0.0,0.24912447433333865,0.0,0.2224428853718192,-0.2224428853718192
0.0,2.329334845424842,0.0,1.2027725379217735,-1.2027725379217735
9.000000000000002,14.918848761601106,2.302585092994046,2.767503863831676,-0.4649187708376301
0.0,0.2529450892459282,0.0,0.22549685152662421,-0.22549685152662421
0.0,0.22237531983038128,0.0,0.20079594929696493,-0.20079594929696493
0.0,1.0396863019179516,0.0,0.7127960224621258,-0.7127960224621258
0.0,1.556806338598868,0.0,0.9387589557008209,-0.9387589557008209
3.999999999999999,16.15456820363114,1.6094379124341003,2.8422645057010762,-1.232826593266976
3.999999999999999,11.980096948546619,1.6094379124341003,2.5634171803194388,-0.9539792678853385
0.0,0.12082579051378652,0.0,0.11406572658407632,-0.11406572658407632
0.0,0.2741656112972501,0.0,0.24229154187054788,-0.24229154187054788
0.0,0.6334182130664407,0.0,0.4906748822817591,-0.4906748822817591
23.999999999999996,10.58351803254869,3.2188758248682006,2.4495832284715693,0.7692925963966313
30.0,11.882799341517579,3.4339872044851463,2.5558930372411885,0.8780941672439577
3.0,4.4195788509876,1.3862943611198906,1.6900181096627227,-0.30372374854283213
0.0,1.5861985391359257,0.0,0.9501890520105063,-0.9501890520105063
1.0,20.9139747466539,0.6931471805599453,3.087124549598395,-2.3939773690384496
0.0,0.3988645038371957,0.0,0.33566083883933007,-0.33566083883933007
3.999999999999999,8.092361321300078,1.6094379124341003,2.207434645774801,-0.5979967333407006
36.99999999999999,20.826203692351996,3.6375861597263857,3.083111252202651,0.5544749075237347
3.0,9.427747257925084,1.3862943611198906,2.3444702589080597,-0.9581758977881691
0.0,0.16038260408285718,0.0,0.14874978184186308,-0.14874978184186308
6.999999999999998,42.970020911972064,2.0794415416798357,3.7835080587889682,-1.7040665171091325
2.0000000000000004,0.7009198494464262,1.0986122886681098,0.5311691926365543,0.5674430960315555
1.0,1.1294892924833868,0.6931471805599453,0.7558821821850603,-0.06273500162511503
5.999999999999999,1.6699340190962957,1.9459101490553132,0.9820537601578601,0.9638563888974532
6.999999999999998,7.252631143398036,2.0794415416798357,2.110532075972842,-0.031090534293006122
23.000000000000004,13.593649710304208,3.1780538303479458,2.6805864827464885,0.4974673476014573
1.0,0.4836529155614192,0.6931471805599453,0.3945072329973941,0.2986399475625512
0.0,0.7408825331763358,0.0,0.5543921876173913,-0.5543921876173913
8.000000000000002,6.98655129662652,2.1972245773362196,2.077759039144235,0.11946553819198469
0.0,0.13433692013316964,0.0,0.12604826887901532,-0.12604826887901532
2.0000000000000004,0.32848614610944965,1.0986122886681098,0.28404005794314585,0.8145722307249639
0.0,0.1669312379785564,0.0,0.154377429527793,-0.154377429527793
3.999999999999999,1.3984555588220022,1.6094379124341003,0.8748250130503621,0.7346128993837382
5.0,2.179777099776283,1.791759469228055,1.1568110999253836,0.6349483693026714
2.0000000000000004,4.383388426597059,1.0986122886681098,1.6833179949909858,-0.584705706322876
0.0,1.9329259052403875,0.0,1.0760005272283397,-1.0760005272283397
0.0,0.45372237689580297,0.0,0.37412742339475263,-0.37412742339475263
112.00000000000003,8.71881919171459,4.727387818712341,2.2740641287588814,2.4533236899534594
0.0,0.12082579051378652,0.0,0.11406572658407632,-0.11406572658407632
0.0,6.674188968500191,0.0,2.0378626160329443,-2.0378626160329443
0.0,0.14386414689220633,0.0,0.13441213318934117,-0.13441213318934117
5.999999999999999,2.13693714484395,1.9459101490553132,1.14324689229883,0.8026632567564833
0.0,0.5102664925898877,0.0,0.4122861204140254,-0.4122861204140254
0.0,0.20600510860210977,0.0,0.1873133342845043,-0.1873133342845043
0.0,1.1454986914154803,0.0,0.7633720155287158,-0.7633720155287158
1.0,2.3979738115893583,0.6931471805599453,1.2231793162127893,-0.530032135652844
3.0,5.965228178552739,1.3862943611198906,1.9409303674349523,-0.5546360063150617
0.0,0.6769167151970514,0.0,0.5169568186364788,-0.5169568186364788
0.0,0.5225988394836374,0.0,0.42041863769583043,-0.42041863769583043
3.0,1.1081184131224373,1.3862943611198906,0.7457958023094478,0.6404985588104428
3.0,9.097209902194686,1.3862943611198906,2.312259138376441,-0.9259647772565505
0.0,0.6345180231118872,0.0,0.4913479738034316,-0.4913479738034316
5.0,10.376032511692678,1.791759469228055,2.4315087309763403,-0.6397492617482854
18.999999999999996,13.170171592453803,2.995732273553991,2.6511391631884647,0.3445931103655262
0.0,0.12917318341389572,0.0,0.12148566881011472,-0.12148566881011472
0.0,0.10102889387385976,0.0,0.09624510069670195,-0.09624510069670195
0.0,0.4533711730328121,0.0,0.37388580484435674,-0.37388580484435674
3.0,0.47793793395969497,1.3862943611198906,0.39064782838289824,0.9956465327369923
0.0,0.13795248997440038,0.0,0.12923058612824442,-0.12923058612824442
14.999999999999998,12.427442611635977,2.772588722239781,2.5973005688457618,0.17528815339401937
0.0,0.2983702076701237,0.0,0.26110979153765274,-0.26110979153765274
21.000000000000004,1.313217429379801,3.091042453358316,0.8386393820218544,2.252403071336462
45.0,32.01782493294427,3.828641396489095,3.4970475651214183,0.33159383136767673
0.0,1.4349636736784621,0.0,0.8899318380160702,-0.8899318380160702
1.0,1.1514827302999984,0.6931471805599453,0.7661572464458027,-0.07301006588585746
1.0,1.5219443922953588,0.6931471805599453,0.9250301882494294,-0.2318830076894841
12.0,47.13303817177553,2.5649493574615367,3.873968805606486,-1.3090194481449493
1.0,0.45372237689580297,0.6931471805599453,0.37412742339475263,0.31901975716519265
0.0,0.31286563604574225,0.0,0.27221225653185704,-0.27221225653185704
23.999999999999996,13.517643294931815,3.2188758248682006,2.6753646887117775,0.5435111361564231
0.0,0.848334837999349,0.0,0.6142851462002639,-0.6142851462002639
9.000000000000002,32.222229888537775,2.302585092994046,3.5032192268131026,-1.2006341338190567
2.0000000000000004,0.1526114895400023,1.0986122886681098,0.14203022833791698,0.9565820603301928
0.0,0.5395278665645025,0.0,0.4314757892673147,-0.4314757892673147
0.0,0.9558760346508135,0.0,0.6708381926363339,-0.6708381926363339
0.0,0.15548242913134927,0.0,0.14451794432620063,-0.14451794432620063
1.0,0.6144655546572664,0.6931471805599453,0.47900397599774475,0.21414320456220054
0.0,0.3812029744145909,0.0,0.3229548400316644,-0.3229548400316644
2.0000000000000004,4.071193244805827,1.0986122886681098,1.6235761439167768,-0.5249638552486671
3.0,1.4717016283821915,1.3862943611198906,0.9049068318179128,0.4813875293019778
40.00000000000001,40.94854937719197,3.713572066704308,3.7364438525105994,-0.022871785806291456
26.0,10.95313544499759,3.295836866004329,2.480993624296346,0.8148432417079832
0.0,0.18193633240246634,0.0,0.16715405323745944,-0.16715405323745944
1.0,9.241225981102348,0.6931471805599453,2.326421337161956,-1.6332741566020106
2.0000000000000004,1.7065529450865666,1.0986122886681098,0.995675849260701,0.10293643940740882
0.0,0.12823191048021795,0.0,0.12065172634159169,-0.12065172634159169
0.0,0.35712338606537686,0.0,0.3053673023385388,-0.3053673023385388
2.0000000000000004,5.677930890859548,1.0986122886681098,1.8988081926897689,-0.8001959040216591
0.0,0.20716636591872326,0.0,0.1882757668497087,-0.1882757668497087
0.0,2.868748167706078,0.0,1.3529309838367192,-1.3529309838367192
0.0,0.49046692596159996,0.0,0.39908944399485513,-0.39908944399485513
0.0,0.44907327301864897,0.0,0.3709242300508136,-0.3709242300508136
3.999999999999999,13.708582672902832,1.6094379124341003,2.6884311787070114,-1.0789932662729111
5.0,1.2914000701572461,1.791759469228055,0.8291630150950219,0.9625964541330331
75.0,15.28533728852036,4.330733340286331,2.790265150120737,1.540468190165594
1.0,0.13122405991807654,0.6931471805599453,0.12330028530993295,0.5698468952500123
33.00000000000001,8.781842165688474,3.5263605246161616,2.2805278268089584,1.2458326978072032
60.00000000000001,12.630299565638996,4.110873864173311,2.6122952238703676,1.4985786403029437
30.0,60.68097743157553,3.4339872044851463,4.1219755759449415,-0.6879883714597952
3.0,2.391453243707018,1.3862943611198906,1.2212585149922963,0.16503584612759425
14.0,9.99836473232593,2.70805020110221,2.397746601049631,0.31030360005257895
0.0,0.42312231032533454,0.0,0.3528532678562748,-0.3528532678562748
0.0,0.6984397139719067,0.0,0.5297100143011596,-0.5297100143011596
17.999999999999996,26.986271057779824,2.9444389791664403,3.33171407056435,-0.38727509139790994
0.0,0.22716577771724877,0.0,0.20470726476650533,-0.20470726476650533
1.0,0.10102889387385976,0.6931471805599453,0.09624510069670195,0.5969020798632434
0.0,0.6266231620527227,0.0,0.4865061861995822,-0.4865061861995822
0.0,0.10102889387385976,0.0,0.09624510069670195,-0.09624510069670195
71.99999999999999,86.22315670641437,4.290459441148391,4.468469854220299,-0.1780104130719078
23.999999999999996,4.916957083500003,3.2188758248682006,1.7778223105839206,1.44105351428428
0.0,0.347674348736708,0.0,0.29838040224885687,-0.29838040224885687
0.0,0.5362314571044782,0.0,0.42933231159221247,-0.42933231159221247
8.000000000000002,36.844478600724166,2.1972245773362196,3.6334850934360525,-1.436260516099833
1.0,0.347674348736708,0.6931471805599453,0.29838040224885687,0.3947667783110884
2.0000000000000004,5.171556835376778,1.0986122886681098,1.8199511294889033,-0.7213388408207935
14.0,12.106368213843831,2.70805020110221,2.5730982352816905,0.1349519658205196
8.000000000000002,0.9358179695207238,2.1972245773362196,0.6605299604259606,1.536694616910259
0.0,0.17344812389481115,0.0,0.15994652902146927,-0.15994652902146927
11.0,43.27308209285962,2.4849066497880004,3.7903768646698777,-1.3054702148818773
2.0000000000000004,3.425166818537358,1.0986122886681098,1.4873079768537871,-0.38869568818567735
2.0000000000000004,1.2184241082195406,1.0986122886681098,0.7967970826510868,0.30181520601702294
0.0,0.6868969124835735,0.0,0.52289069469232,-0.52289069469232
0.0,0.23687372278035626,0.0,0.2125870047559538,-0.2125870047559538
0.0,0.5843741727234011,0.0,0.4601894856503088,-0.4601894856503088
5.999999999999999,9.254930732576838,1.9459101490553132,2.3277586369990297,-0.3818484879437165
1.0,0.347674348736708,0.6931471805599453,0.29838040224885687,0.3947667783110884
3.0,1.343753069155948,1.3862943611198906,0.8517535202422644,0.5345408408776262
0.0,0.13837685064546135,0.0,0.1296034325950579,-0.1296034325950579
2.0000000000000004,0.172276664029979,1.0986122886681098,0.15894772475572516,0.9396645639123846
0.0,0.1280401209902722,0.0,0.12048172069711924,-0.12048172069711924
0.0,0.16038260408285718,0.0,0.14874978184186308,-0.14874978184186308
14.999999999999998,13.268332632868333,2.772588722239781,2.658042580434059,0.11454614180572209
12.999999999999996,43.39573828674108,2.6390573296152584,3.7931434802985105,-1.154086150683252
12.999999999999996,5.441651076881814,2.6390573296152584,1.8627848856547342,0.7762724439605242
0.0,0.12823191048021795,0.0,0.12065172634159169,-0.12065172634159169
2.0000000000000004,1.1107938518511022,1.0986122886681098,0.7470641098348354,0.3515481788332744
0.0,2.0105755334946904,0.0,1.102131267624122,-1.102131267624122
0.0,0.12639984631317377,0.0,0.1190265699809123,-0.1190265699809123
3.999999999999999,7.000479561783859,1.6094379124341003,2.0795014851061753,-0.470063572672075
76.00000000000001,43.71196103613434,4.343805421853684,3.800241050526114,0.54356437132757
0.0,0.21746050819654802,0.0,0.19676713864897355,-0.19676713864897355
9.000000000000002,1.7593978580293284,2.302585092994046,1.0150124885464156,1.2875726044476303
0.0,0.6053454470221848,0.0,0.47333896521246377,-0.47333896521246377
2.0000000000000004,0.7409833049689811,1.0986122886681098,0.5544500714057725,0.5441622172623373
1.0,8.101903128369406,0.6931471805599453,2.2084835266427807,-1.5153363460828353
2.0000000000000004,0.5663241797784155,1.0986122886681098,0.4487315874974737,0.649880701170636
12.999999999999996,142.21512016073916,2.6390573296152584,4.964347836667214,-2.3252905070519554
2.0000000000000004,0.7296157269869223,1.0986122886681098,0.5478992607077451,0.5507130279603647
0.0,0.26431081033852155,0.0,0.23452715975278776,-0.23452715975278776
0.0,0.3558542647928995,0.0,0.3044317094009034,-0.3044317094009034
3.0,11.130842659509884,1.3862943611198906,2.4957511895876046,-1.109456828467714
5.0,2.2532085606957946,1.791759469228055,1.1796417587762802,0.6121177104517748
0.0,0.08718480128917135,0.0,0.08359160407456674,-0.08359160407456674
77.0,14.157957509241788,4.356708826689592,2.718525642195632,1.6381831844939598
0.0,0.22703042086480177,0.0,0.20459695830228503,-0.20459695830228503
1.0,10.237325428833834,0.6931471805599453,2.4192408649793062,-1.7260936844193608
2.0000000000000004,16.881494133296606,1.0986122886681098,2.883766330756097,-1.785154042087987
0.0,0.2605876644640967,0.0,0.23157801260087235,-0.23157801260087235
2.0000000000000004,12.242153552546329,1.0986122886681098,2.5834051923081254,-1.4847929036400156
3.999999999999999,13.2519704075531,1.6094379124341003,2.6568951713699143,-1.047457258935814
3.0,0.7617850013667085,1.3862943611198906,0.5663275004133134,0.8199668607065772
5.0,11.971789942181873,1.791759469228055,2.562776995142659,-0.7710175259146039
16.999999999999996,12.940533163808384,2.8903717578961645,2.634800651646056,0.2555711062501085
5.0,4.461930240055949,1.791759469228055,1.6978022511017627,0.09395721812629221
1.0,7.431875270955343,0.6931471805599453,2.132019199345593,-1.4388720187856476
3.0,0.4348016094103146,1.3862943611198906,0.3610265883719843,1.0252677727479063
2.0000000000000004,1.283083622429226,1.0986122886681098,0.8255269951857614,0.27308529348234833
0.0,0.10102889387385976,0.0,0.09624510069670195,-0.09624510069670195
2.0000000000000004,1.1467138577489706,1.0986122886681098,0.7639382346299542,0.33467405403815553
102.99999999999999,46.682190710717606,4.6443908991413725,3.8645579678156476,0.7798329313257248
0.0,0.8290741242819946,0.0,0.6038098958056721,-0.6038098958056721
1.0,0.7629105435030767,0.6931471805599453,0.5669661610637429,0.12618101949620242
0.0,0.013115996018512537,0.0,0.013030726133098103,-0.013030726133098103
1.0,1.1790278598338437,0.6931471805599453,0.7788788414859995,-0.08573166092605422
2.0000000000000004,0.8734893247794213,1.0986122886681098,0.6278026412259885,0.4708096474421213
0.0,0.19900733432529144,0.0,0.18149399306194047,-0.18149399306194047
0.0,0.7388247745806755,0.0,0.5532094681220227,-0.5532094681220227
12.999999999999996,8.234433953386729,2.6390573296152584,2.2229393181491455,0.41611801146611294
0.0,0.14080735082532442,0.0,0.13173621422772064,-0.13173621422772064
1.0,0.0792263516556829,0.6931471805599453,0.07624444338172395,0.6169027371782213
0.0,0.14888839246582833,0.0,0.13879485965426577,-0.13879485965426577
3.0,3.913023751225004,1.3862943611198906,1.5918895875377412,-0.20559522641785066
758.0000000000003,341.1090990339821,6.63200177739563,5.835129689215298,0.796872088180332
3.999999999999999,14.750175872752353,1.6094379124341003,2.756851531733256,-1.1474136192991555
5.0,3.345398768015434,1.791759469228055,1.469117530804312,0.3226419384237429
1.0,0.14192840398741285,0.6931471805599453,0.13271841573733478,0.5604287648226105
8.000000000000002,21.66204390484535,2.1972245773362196,3.120691450333841,-0.9234668729976216
0.0,0.20828191248144853,0.0,0.189199443545264,-0.189199443545264
2.0000000000000004,1.879568076050424,1.0986122886681098,1.0576403093070879,0.040971979361021926
0.0,0.2829681591044518,0.0,0.2491762677919865,-0.2491762677919865
10.000000000000002,14.398560316758427,2.3978952727983707,2.7342740191247246,-0.3363787463263539
1.0,7.252631143398036,0.6931471805599453,2.110532075972842,-1.4173848954128965
5.0,14.890157447945048,1.791759469228055,2.765699889117851,-0.9739404198897961
2.0000000000000004,0.30149170364009864,1.0986122886681098,0.26351107097200366,0.8351012176961061
1.0,4.738609848782939,0.6931471805599453,1.7472169943763776,-1.0540698138164322
11.0,4.0897036073710105,2.4849066497880004,1.6272195984880007,0.8576870512999997
5.999999999999999,0.7617850013667085,1.9459101490553132,0.5663275004133134,1.3795826486419998
12.999999999999996,11.883298865609085,2.6390573296152584,2.5559318109885796,0.08312551862667883
0.0,0.22716577771724877,0.0,0.20470726476650533,-0.20470726476650533
61.99999999999999,78.56180930683958,4.143134726391533,4.376534195140457,-0.23339946874892448
0.0,3.7376817206542245,0.0,1.5555479275946344,-1.5555479275946344
5.999999999999999,83.65773173599199,1.9459101490553132,4.438616442104413,-2.4927062930490997
0.0,0.12082579051378652,0.0,0.11406572658407632,-0.11406572658407632
1.0,4.901893704908242,0.6931471805599453,1.7752732663464073,-1.082126085786462
0.0,0.029850607524835274,0.0,0.029413750484022845,-0.029413750484022845
12.0,13.812503151165766,2.5649493574615367,2.6954716316322567,-0.13052227417071993
0.0,0.12221531305460884,0.0,0.11530468980803,-0.11530468980803
11.0,9.54714232520107,2.4849066497880004,2.3558549535810784,0.12905169620692192
31.0,60.45846066147055,3.4657359027997265,4.118361510203688,-0.6526256074039618
0.0,0.347674348736708,0.0,0.29838040224885687,-0.29838040224885687
56.999999999999986,40.21433307856072,4.060443010546419,3.7187860861120248,0.3416569244343943
0.0,3.726951439411586,0.0,1.5532804787334924,-1.5532804787334924
9.000000000000002,0.6628204103769966,2.302585092994046,0.5085152030245219,1.794069889969524
14.999999999999998,5.965228178552739,2.772588722239781,1.9409303674349523,0.8316583548048289
0.0,1.2376391230263732,0.0,0.8054213471227905,-0.8054213471227905
0.0,1.338991964575306,0.0,0.8497200521858399,-0.8497200521858399
14.0,16.842918323473878,2.70805020110221,2.8816066969279635,-0.1735564958257534
0.0,0.6053454470221848,0.0,0.47333896521246377,-0.47333896521246377
0.0,0.45242454914318336,0.0,0.37323426288227607,-0.37323426288227607
42.99999999999999,77.8423935136747,3.784189633918261,4.367450840951984,-0.5832612070337233
2.0000000000000004,2.1298326280186646,1.0986122886681098,1.1409795296458396,-0.042367240977729814
0.0,1.0544889415596574,0.0,0.7200271267810431,-0.7200271267810431
1.0,4.245149410367429,0.6931471805599453,1.6573037276899,-0.9641565471299548
0.0,0.5173808991659279,0.0,0.4169857559725212,-0.4169857559725212
8.000000000000002,8.699615166804387,2.1972245773362196,2.272086211197001,-0.07486163386078148
17.999999999999996,45.83910926743731,2.9444389791664403,3.846718522055048,-0.9022795428886079
0.0,0.03571155692374479,0.0,0.03508868511348392,-0.03508868511348392
3.999999999999999,1.2951416851110422,1.6094379124341003,0.8307945780387201,0.7786433343953801
0.0,0.20716636591872326,0.0,0.1882757668497087,-0.1882757668497087
0.0,1.012506015672963,0.0,0.6993807194603813,-0.6993807194603813
0.0,0.10771911976628827,0.0,0.10230305417203937,-0.10230305417203937
0.0,0.36141079725100506,0.0,0.3085215129911593,-0.3085215129911593
0.0,0.8934663975690942,0.0,0.63840922200161,-0.63840922200161
8.000000000000002,11.979953124280483,2.1972245773362196,2.5634060998888746,-0.366181522552655
6.999999999999998,15.287127855321216,2.0794415416798357,2.790375093706201,-0.7109335520263653
0.0,1.3420923269892815,0.0,0.8510446866825533,-0.8510446866825533
0.0,0.17414468039078973,0.0,0.160539950942978,-0.160539950942978
0.0,0.14954596675034387,0.0,0.13936705289512988,-0.13936705289512988
1.0,1.3518761836893618,0.6931471805599453,0.8552133856614729,-0.16206620510152758
0.0,0.48573685342524653,0.0,0.39591084678210414,-0.39591084678210414
0.0,0.5756908239985703,0.0,0.4546937945244503,-0.4546937945244503
0.0,0.18221445952880672,0.0,0.16738934036768202,-0.16738934036768202
6.999999999999998,15.738957651574015,2.0794415416798357,2.817738796191601,-0.7382972545117652
11.0,12.424079796171782,2.4849066497880004,2.597050093998883,-0.11214344421088285
1.0,0.7884834173975621,0.6931471805599453,0.5813680078805845,0.11177917267936077
0.0,0.24912447433333865,0.0,0.2224428853718192,-0.2224428853718192
11.0,10.0997163291441,2.4849066497880004,2.406919552058766,0.07798709772923429
1.0,1.5582593423287134,0.6931471805599453,0.9393270828215909,-0.24617990226164566
0.0,0.10675433723318338,0.0,0.10143171151394877,-0.10143171151394877
11.0,12.367678656329456,2.4849066497880004,2.592839752728395,-0.10793310294039449
20.0,21.247979039647927,3.044522437723423,3.1022511748082393,-0.057728737084816295
11.0,1.229144722880669,2.4849066497880004,0.8016179795641811,1.6832886702238192
0.0,0.2345445361047975,0.0,0.21070210538144424,-0.21070210538144424
1.0,5.47038145556195,0.6931471805599453,1.86723506435787,-1.1740878837979247
12.0,1.3028583641113363,2.5649493574615367,0.8341511183443281,1.7307982391172088
23.000000000000004,8.258372265978775,3.1780538303479458,2.2255282519949646,0.9525255783529811
0.0,1.6518007843045082,0.0,0.9752389504615072,-0.9752389504615072
0.0,0.5095968669602886,0.0,0.4118426396595361,-0.4118426396595361
1.0,0.13122405991807654,0.6931471805599453,0.12330028530993295,0.5698468952500123
89.99999999999997,50.75418901541511,4.51085950651685,3.946505376027214,0.5643541304896358
0.0,0.2321564181347434,0.0,0.20876581982394474,-0.20876581982394474
40.00000000000001,25.76750882190997,3.713572066704308,3.2871887946256506,0.42638327207865734
3.999999999999999,13.2519704075531,1.6094379124341003,2.6568951713699143,-1.047457258935814
6.999999999999998,5.261659155800474,2.0794415416798357,1.834445190857578,0.24499635082225768
28.000000000000004,8.015349184594548,3.367295829986474,2.198928589637212,1.1683672403492622
6.999999999999998,4.916957083500003,2.0794415416798357,1.7778223105839206,0.30161923109591515
14.999999999999998,11.831470057187655,2.772588722239781,2.551900751735476,0.22068797050430522
0.0,0.22872262610902677,0.0,0.20597511439509414,-0.20597511439509414
0.0,0.6626719901830103,0.0,0.5084259409386667,-0.5084259409386667
0.0,0.347674348736708,0.0,0.29838040224885687,-0.29838040224885687
11.0,13.200013879926486,2.4849066497880004,2.653242942066349,-0.16833629227834868
0.0,0.5063533775859277,0.0,0.4096917483239238,-0.4096917483239238
17.999999999999996,14.475522979323902,2.9444389791664403,2.7392596131094016,0.20517936605703868
0.0,0.347674348736708,0.0,0.29838040224885687,-0.29838040224885687
23.000000000000004,13.907417457005302,3.1780538303479458,2.701858904988579,0.4761949253593669
32.0,15.89082045350806,3.4965075614664802,2.8267703059281404,0.6697372555383398
1.0,1.7700136062474168,0.6931471805599453,1.0188522321898608,-0.3257050516299155
0.0,0.8930225109082555,0.0,0.6381747638143017,-0.6381747638143017
91.00000000000001,49.13638714725666,4.5217885770490405,3.9147470348340128,0.6070415422150277
202.99999999999994,1.3637674796631285,5.318119993844216,0.8602567358497576,4.457863257994458
50.0,7.070900807064607,3.9318256327243257,2.088265100223918,1.8435605325004079
2.0000000000000004,0.10726380070608163,1.0986122886681098,0.10189192769118786,0.996720360976922
1.0,3.7353544640769734,0.6931471805599453,1.5550565842536637,-0.8619094036937184
1.0,22.920528768412566,0.6931471805599453,3.17473703454097,-2.4815898539810246
0.0,0.5639286218141317,0.0,0.44720100285540526,-0.44720100285540526
0.0,1.3786261566307312,0.0,0.8665230759001421,-0.8665230759001421
5.999999999999999,10.143275727087879,1.9459101490553132,2.4108362421801983,-0.4649260931248851
29.000000000000004,9.828086990083705,3.4011973816621555,2.3821434055287702,1.0190539761333852
14.0,8.342320418454443,2.70805020110221,2.234554660191627,0.4734955409105832
11.0,13.494470871088112,2.4849066497880004,2.6737672574705593,-0.18886060768255897
6.999999999999998,7.367509364316666,2.0794415416798357,2.124356273232287,-0.044914731552451403
0.0,0.36507641616705766,0.0,0.31121040960992813,-0.31121040960992813
1.0,0.28008255124058495,0.6931471805599453,0.24692456900863857,0.4462226115513067
0.0,0.347674348736708,0.0,0.29838040224885687,-0.29838040224885687
5.0,0.22480097024385326,1.791759469228055,0.20277835752615483,1.5889811117019002
9.000000000000002,9.353601745874045,2.302585092994046,2.337334453945681,-0.034749360951634944
1.0,1.245499830965258,0.6931471805599453,0.8089281382685466,-0.1157809577086013
2.0000000000000004,0.7372148355020738,1.0986122886681098,0.5522831615350386,0.5463291271330711
14.0,2.2930443593384053,2.70805020110221,1.1918124741016765,1.5162377270005336
2.0000000000000004,4.990134728683527,1.0986122886681098,1.7901139041421115,-0.6915016154740017
1.0,0.12424084747788963,0.6931471805599453,0.11710800563299734,0.576039174926948
0.0,0.47793793395969497,0.0,0.39064782838289824,-0.39064782838289824
0.0,1.5146244187450075,0.0,0.9221234559168012,-0.9221234559168012
5.0,0.14565935683367998,1.791759469228055,0.13598032876056473,1.6557791404674902
0.0,0.3668323912027296,0.0,0.3124959395461837,-0.3124959395461837
1.0,0.6992480845371278,0.6931471805599453,0.5301858500037974,0.16296133055614792
0.0,0.16149015181299897,0.0,0.1497037943400341,-0.1497037943400341
11.0,7.202345978553264,2.4849066497880004,2.1044202082983725,0.38048644148962785
0.0,0.5889129617599702,0.0,0.46305011057289386,-0.46305011057289386
1.0,0.347674348736708,0.6931471805599453,0.29838040224885687,0.3947667783110884
1.0,0.25123403359371566,0.6931471805599453,0.2241302912012163,0.469016889358729
0.0,0.6628204103769966,0.0,0.5085152030245219,-0.5085152030245219
0.0,0.14888839246582833,0.0,0.13879485965426577,-0.13879485965426577
0.0,0.39258112597189226,0.0,0.33115895034807463,-0.33115895034807463
3.0,1.8398229541641613,1.3862943611198906,1.0437417101468491,0.34255265097304144
16.999999999999996,39.51940055635956,2.8903717578961645,3.7017808854990784,-0.8114091276029138
2.0000000000000004,0.6012320469655483,1.0986122886681098,0.47077336227870786,0.627838926389402
0.0,0.16425150721735274,0.0,0.15207839746173424,-0.15207839746173424
6.999999999999998,0.549204090530967,2.0794415416798357,0.43774130907000586,1.6417002326098298
12.999999999999996,41.53007178066779,2.6390573296152584,3.750211397029643,-1.1111540674143847
5.999999999999999,10.7340427830509,1.9459101490553132,2.462494256572605,-0.5165841075172917
3.0,2.3156547177407236,1.3862943611198906,1.1986551057178683,0.1876392554020223
91.00000000000001,20.05265840667664,4.5217885770490405,3.04702684225787,1.4747617347911706
0.0,0.19404173623367443,0.0,0.1773439693290762,-0.1773439693290762
0.0,0.343951509744412,0.0,0.2956141623908757,-0.2956141623908757
3.0,0.37641553758335233,1.3862943611198906,0.3194826834442793,1.0668116776756111
0.0,0.2012943805998874,0.0,0.1833996259684041,-0.1833996259684041
0.0,0.10675433723318338,0.0,0.10143171151394877,-0.10143171151394877
0.0,0.7009310398233743,0.0,0.5311757716297627,-0.5311757716297627
0.0,0.376324772368184,0.0,0.31941673809166243,-0.31941673809166243
11.0,2.8344035555603058,2.4849066497880004,1.3440138961423,1.1408927536457003
0.0,0.0,0.0,-0.01301763940355366,0.01301763940355366
0.0,0.5225988394836374,0.0,0.42041863769583043,-0.42041863769583043
0.0,0.24435276736482536,0.0,0.2186155291692926,-0.2186155291692926
11.0,7.200514474553964,2.4849066497880004,2.1041968931013497,0.38070975668665064
0.0,0.793642146825458,0.0,0.5842482715127617,-0.5842482715127617
75.0,50.482120149472735,4.330733340286331,3.9412345658245824,0.38949877446174863
0.0,0.07097328421654717,0.0,0.06856784644538098,-0.06856784644538098
2.0000000000000004,0.5225988394836374,1.0986122886681098,0.42041863769583043,0.6781936509722793
145.0,24.06520551986209,4.983606621708336,3.2214806501576976,1.7621259715506388
0.0,0.31286563604574225,0.0,0.27221225653185704,-0.27221225653185704
0.0,0.343951509744412,0.0,0.2956141623908757,-0.2956141623908757
2.0000000000000004,1.5146244187450075,1.0986122886681098,0.9221234559168012,0.17648883275130856
12.0,13.0202560243376,2.5649493574615367,2.6405031428047288,-0.07555378534319201
5.0,1.2585138479386777,1.791759469228055,0.8147070075697826,0.9770524616582723
3.999999999999999,2.489062072015449,1.6094379124341003,1.2496329528218055,0.35980495961229475
3.0,15.492340048089993,1.3862943611198906,2.802896033604314,-1.4166016724844235
3.0,11.29638794995245,1.3862943611198906,2.5093055566455735,-1.123011195525683
0.0,0.793642146825458,0.0,0.5842482715127617,-0.5842482715127617
3.0,0.2985176988121655,1.3862943611198906,0.2612233822258239,1.1250709788940667
2.0000000000000004,0.4866077006653945,1.0986122886681098,0.39649681334770104,0.7021154753204087
14.0,38.149777105313305,2.70805020110221,3.6673947290697315,-0.9593445279675215
0.0,0.38291863245250474,0.0,0.3241962168610868,-0.3241962168610868
1.0,0.25123403359371566,0.6931471805599453,0.2241302912012163,0.469016889358729
0.0,0.9718174400641415,0.0,0.6789556758626357,-0.6789556758626357
1.0,0.58602659596798,0.6931471805599453,0.46123189228263467,0.23191528827731062
58.000000000000014,20.16534148844951,4.07753744390572,3.052365008425741,1.0251724354799787
0.0,0.0,0.0,-0.01301763940355366,0.01301763940355366
1.0,1.4536368702738423,0.6931471805599453,0.8975713607158587,-0.20442418015591346
0.0,0.7862549354095008,0.0,0.5801212132585433,-0.5801212132585433
0.0,0.12689072468804805,0.0,0.11946226912149992,-0.11946226912149992
16.0,38.947775499595565,2.833213344056216,3.6875729885492254,-0.8543596444930093
0.0,0.5102664925898877,0.0,0.4122861204140254,-0.4122861204140254
23.000000000000004,16.16986309297653,3.1780538303479458,2.8431557012594544,0.33489812908849137
5.0,4.560497602950166,1.791759469228055,1.7156876011913624,0.07607186803669252
0.0,0.7039553646749279,0.0,0.5329522336244474,-0.5329522336244474
0.0,0.28008255124058495,0.0,0.24692456900863857,-0.24692456900863857
0.0,1.1459430035813303,0.0,0.7635790844808377,-0.7635790844808377
58.999999999999986,20.607030840126008,4.0943445622221,3.073018763583568,1.0213257986385322
1.0,0.8926878934521902,0.6931471805599453,0.6379979845992032,0.05514919596074208
16.0,21.4143694982982,2.833213344056216,3.1097022486504757,-0.27648890459425957
5.999999999999999,13.56509950987334,1.9459101490553132,2.6786282225111857,-0.7327180734558725
0.0,1.2370981444344187,0.0,0.8051795547840429,-0.8051795547840429
2.0000000000000004,1.4349636736784621,1.0986122886681098,0.8899318380160702,0.20868045065203955
0.0,0.5395278665645025,0.0,0.4314757892673147,-0.4314757892673147
0.0,0.343951509744412,0.0,0.2956141623908757,-0.2956141623908757
45.0,44.598689996613274,3.828641396489095,3.8198789879632336,0.00876240852586152
0.0,0.20864044038423477,0.0,0.1894961249053341,-0.1894961249053341
9.000000000000002,1.703555604100122,2.302585092994046,0.994567797078063,1.3080172959159828
2.0000000000000004,1.5948009598699344,1.0986122886681098,0.95350981227728,0.14510247639082974
0.0,0.14386414689220633,0.0,0.13441213318934117,-0.13441213318934117
2.0000000000000004,1.229144722880669,1.0986122886681098,0.8016179795641811,0.29699430910392866
1.0,1.0323418014387795,0.6931471805599453,0.7091887249401038,-0.01604154438015848
0.0,0.5225988394836374,0.0,0.42041863769583043,-0.42041863769583043
1.0,0.46445286721726364,0.6931471805599453,0.3814817032356666,0.3116654773242787
5.0,9.967993911482365,1.791759469228055,2.3949813871433716,-0.6032219179153167
0.0,0.2039650545178836,0.0,0.1856203219786031,-0.1856203219786031
9.000000000000002,1.8634311261042464,2.302585092994046,1.052020600215471,1.2505644927785748
1.0,2.6992482964784488,0.6931471805599453,1.308129635895825,-0.6149824553358797
3.999999999999999,3.9980101145988725,1.6094379124341003,1.609039856139979,0.00039805629412126287
1.0,1.2183522224612817,0.6931471805599453,0.796764678151555,-0.10361749759160976
0.0,0.5041687083514839,0.0,0.4082403923427555,-0.4082403923427555
0.0,0.33760811953188063,0.0,0.2908830335540694,-0.2908830335540694
0.0,1.5152017550750223,0.0,0.9223530210399681,-0.9223530210399681
0.0,0.3240211418363951,0.0,0.28067342554170377,-0.28067342554170377
0.0,0.8857943584184151,0.0,0.6343491424331372,-0.6343491424331372
0.0,1.117210047583538,0.0,0.7500992066845298,-0.7500992066845298
0.0,0.343951509744412,0.0,0.2956141623908757,-0.2956141623908757
2.0000000000000004,0.2358643504344277,1.0986122886681098,0.21177060417319468,0.8868416844949151
1.0,4.800160986086851,0.6931471805599453,1.7578856733890478,-1.0647384928291026
0.0,0.12221531305460884,0.0,0.11530468980803,-0.11530468980803
1.0,0.45372237689580297,0.6931471805599453,0.37412742339475263,0.31901975716519265
0.0,0.5899087146767392,0.0,0.46367660243100517,-0.46367660243100517
0.0,0.4248431015628941,0.0,0.354061703492315,-0.354061703492315
10.000000000000002,15.777765296326631,2.3978952727983707,2.8200545155508765,-0.4221592427525058
0.0,0.35296875322476473,0.0,0.30230125448351114,-0.30230125448351114
2.0000000000000004,0.31286563604574225,1.0986122886681098,0.27221225653185704,0.8264000321362528
1.0,0.2012943805998874,0.6931471805599453,0.1833996259684041,0.5097475545915412
30.0,13.09066688634731,3.4339872044851463,2.6455126552623125,0.7884745492228338
3.0,0.31286563604574225,1.3862943611198906,0.27221225653185704,1.1140821045880336
0.0,0.4282464055382837,0.0,0.35644740192981145,-0.35644740192981145
3.0,0.6175599366722777,1.3862943611198906,0.48091880183608676,0.9053755592838038
3.999999999999999,3.200472864038428,1.6094379124341003,1.4351971056277346,0.17424080680636567
0.0,0.12335514269124659,0.0,0.11631987036637122,-0.11631987036637122
0.0,0.3656872317642219,0.0,0.31165776843412657,-0.31165776843412657
0.0,0.5137928879629214,0.0,0.4146183477466853,-0.4146183477466853
0.0,0.6628204103769966,0.0,0.5085152030245219,-0.5085152030245219
33.00000000000001,43.5965786757203,3.5263605246161616,3.797657144776836,-0.27129662016067435
0.0,0.14954596675034387,0.0,0.13936705289512988,-0.13936705289512988
5.999999999999999,1.1090422881451385,1.9459101490553132,0.7462339525735359,1.1996761964817773
0.0,0.6053454470221848,0.0,0.47333896521246377,-0.47333896521246377
1.0,4.397128426337972,0.6931471805599453,1.6858670392284991,-0.9927198586685538
2.0000000000000004,13.061861566575216,1.0986122886681098,2.643466279223834,-1.5448539905557241
0.0,0.22480097024385326,0.0,0.20277835752615483,-0.20277835752615483
0.0,0.4836529155614192,0.0,0.3945072329973941,-0.3945072329973941
16.999999999999996,46.37696479288176,2.8903717578961645,3.8581361357432713,-0.9677643778471068
0.0,0.9364038355590278,0.0,0.6608325598493747,-0.6608325598493747
0.0,0.029850607524835274,0.0,0.029413750484022845,-0.029413750484022845
6.999999999999998,8.781842165688474,2.0794415416798357,2.2805278268089584,-0.20108628512912263
0.0,0.833023899628466,0.0,0.6059670073041906,-0.6059670073041906
26.999999999999996,9.75519193415367,3.332204510175204,2.3753886085998475,0.9568159015753563
3.999999999999999,0.6175599366722777,1.6094379124341003,0.48091880183608676,1.1285191105980135
5.999999999999999,0.782684433962423,1.9459101490553132,0.5781203372173703,1.3677898118379428
1.0,0.14110115846002538,0.6931471805599453,0.13199372467139442,0.5611534558885509
84.00000000000001,60.486020041925464,4.442651256490317,4.118809832580729,0.32384142390958726
0.0,0.17602534015994042,0.0,0.16214039699933705,-0.16214039699933705
6.999999999999998,13.419287280056565,2.0794415416798357,2.6685667048417274,-0.5891251631618917
0.0,0.12082579051378652,0.0,0.11406572658407632,-0.11406572658407632
0.0,0.10102889387385976,0.0,0.09624510069670195,-0.09624510069670195
0.0,0.21700220984905683,0.0,0.19639062982055075,-0.19639062982055075
6.999999999999998,7.252631143398036,2.0794415416798357,2.110532075972842,-0.031090534293006122
5.999999999999999,0.347674348736708,1.9459101490553132,0.29838040224885687,1.6475297468064563
0.0,0.5752869530097007,0.0,0.4544374480696906,-0.4544374480696906
0.0,0.12106573794870455,0.0,0.11427978460855068,-0.11427978460855068
0.0,0.31286563604574225,0.0,0.27221225653185704,-0.27221225653185704
0.0,0.22716577771724877,0.0,0.20470726476650533,-0.20470726476650533
1.0,0.806079830907342,0.6931471805599453,0.5911586571780743,0.10198852338187103
0.0,0.88902513360826,0.0,0.6360608936760994,-0.6360608936760994
6.999999999999998,6.668115857959472,2.0794415416798357,2.0370709343493103,0.042370607330525445
0.0,0.24824577367226386,0.0,0.22173918459053762,-0.22173918459053762
21.000000000000004,10.845620899975657,3.091042453358316,2.4719582549769648,0.6190841983813513
0.0,0.4300227285937474,0.0,0.35769033826700736,-0.35769033826700736
0.0,0.874905166757681,0.0,0.6285580804140409,-0.6285580804140409
1.0,0.3810693778721752,0.6931471805599453,0.3228581105817901,0.3702890699781552
3.0,12.625193671393385,1.3862943611198906,2.6119205548624773,-1.2256261937425867
1.0,11.297150975082499,0.6931471805599453,2.5093676075063804,-1.816220426946435
0.0,0.3162164575116428,0.0,0.2747613007693703,-0.2747613007693703
5.0,1.5641215401092183,1.791759469228055,0.9416159404736555,0.8501435287543995
0.0,0.172276664029979,0.0,0.15894772475572516,-0.15894772475572516
1.0,0.45372237689580297,0.6931471805599453,0.37412742339475263,0.31901975716519265
0.0,0.0,0.0,-0.05744612619539929,0.05744612619539929
0.0,0.49239877495177775,0.0,0.400384741506701,-0.400384741506701
0.0,0.21933964835445183,0.0,0.198309440364068,-0.198309440364068
0.0,0.343951509744412,0.0,0.2956141623908757,-0.2956141623908757
6.999999999999998,3.531730975039612,2.0794415416798357,1.5111039802033754,0.5683375614764603
0.0,3.4474542674377853,0.0,1.4923318577478824,-1.4923318577478824
91.00000000000001,138.10846884525913,4.5217885770490405,4.935253980219581,-0.4134654031705409
86.0,54.84661242301774,4.465908118654584,4.022608868760993,0.4432992498935908
0.0,0.9917684080227758,0.0,0.6890228913708256,-0.6890228913708256
0.0,0.7276377599422896,0.0,0.546755018743468,-0.546755018743468
6.999999999999998,13.708582672902832,2.0794415416798357,2.6884311787070114,-0.6089896370271757
0.0,0.06542735545886455,0.0,0.06337599140434533,-0.06337599140434533
8.000000000000002,7.252631143398036,2.1972245773362196,2.110532075972842,0.0866925013633777
1.0,0.5225988394836374,0.6931471805599453,0.42041863769583043,0.27272854286411485
0.0,0.2718500456596959,0.0,0.24047256933620484,-0.24047256933620484
0.0,0.0074478954908412335,0.0,0.00742029686694899,-0.00742029686694899
3.0,39.52883366935772,1.3862943611198906,3.7020136632549634,-2.315719302135073
0.0,1.1294892924833868,0.0,0.7558821821850603,-0.7558821821850603
6.999999999999998,19.406317429753027,2.0794415416798357,3.015844530838928,-0.9364029891590921
2.0000000000000004,0.8112464370512649,1.0986122886681098,0.5940152475293654,0.5045970411387444
0.0,1.235337552865487,0.0,0.8043922470264661,-0.8043922470264661
22.0,23.836877762290275,3.1354942159291497,3.2123295552154647,-0.07683533928631503
3.999999999999999,0.347674348736708,1.6094379124341003,0.29838040224885687,1.3110575101852433
5.0,0.36633385880976865,1.791759469228055,0.31213113744277166,1.4796283317852832
3.0,12.630299565638996,1.3862943611198906,2.6122952238703676,-1.226000862750477
30.0,20.885175386916647,3.4339872044851463,3.0858094846348108,0.3481777198503355
0.0,0.12221531305460884,0.0,0.11530468980803,-0.11530468980803
33.99999999999999,12.945337242766733,3.5553480614894135,2.635145204563776,0.9202028569256373
1.0,1.0362808078067007,0.6931471805599453,0.7111250104976032,-0.017977829937657952
0.0,0.46608682520757033,0.0,0.38259682763671093,-0.38259682763671093
77.0,44.786090588669204,4.356708826689592,3.823980346056924,0.5327284806326675
0.0,0.06542735545886455,0.0,0.06337599140434533,-0.06337599140434533
10.000000000000002,3.5643478564635984,2.3978952727983707,1.5182756465502028,0.8796196262481679
3.0,14.245385268590793,1.3862943611198906,2.724276851920878,-1.3379824908009874
0.0,0.5286203970666401,0.0,0.42436562736357974,-0.42436562736357974
0.0,0.5222799527099815,0.0,0.420209179916664,-0.420209179916664
3.0,0.5889129617599702,1.3862943611198906,0.46305011057289386,0.9232442505469967
0.0,0.6628204103769966,0.0,0.5085152030245219,-0.5085152030245219
0.0,0.24912447433333865,0.0,0.2224428853718192,-0.2224428853718192
0.0,0.6839219592005834,0.0,0.5211255722288191,-0.5211255722288191
0.0,0.6786268770944108,0.0,0.5179761241518995,-0.5179761241518995
0.0,0.11342459984144133,0.0,0.10744049086614466,-0.10744049086614466
21.000000000000004,8.45364359479389,3.091042453358316,2.246400232780996,0.8446422205773199
67.00000000000001,7.0709228527197485,4.219507705176107,2.088267831718897,2.13123987345721
2.0000000000000004,0.7433914306594527,1.0986122886681098,0.5558323142795144,0.5427799743885954
0.0,1.2184241082195406,0.0,0.7967970826510868,-0.7967970826510868
12.0,6.986183591568538,2.5649493574615367,2.0777129975539097,0.48723635990762704
1.0,0.13795248997440038,0.6931471805599453,0.12923058612824442,0.5639165944317008
0.0,1.4220117026532266,0.0,0.8845984769331111,-0.8845984769331111
9.000000000000002,1.7593978580293284,2.302585092994046,1.0150124885464156,1.2875726044476303
114.00000000000001,43.92583523824061,4.74493212836325,3.8050130243329816,0.9399191040302686
68.00000000000001,14.234125582679379,4.23410650459726,2.7235380154954143,1.5105684891018454
1.0,0.6025644551641312,0.6931471805599453,0.47160513063510295,0.22154204992484233
0.0,1.4103231790785014,0.0,0.8797608377147669,-0.8797608377147669
1.0,11.464976776764995,0.6931471805599453,2.522922853898374,-1.8297756733384287
2.0000000000000004,15.102435818057465,1.0986122886681098,2.778970553593826,-1.6803582649257163
0.0,0.3169658051846727,0.0,0.2753304582514591,-0.2753304582514591
0.0,0.22480097024385326,0.0,0.20277835752615483,-0.20277835752615483
0.0,0.39865855104121645,0.0,0.3355135994476888,-0.3355135994476888
0.0,0.46870532194040815,0.0,0.3843812793432587,-0.3843812793432587
0.0,0.17794962319714677,0.0,0.1637753196266292,-0.1637753196266292
37.99999999999999,60.343800408923336,3.6635616461296463,4.116494113221454,-0.45293246709180757
0.0,0.07097328421654717,0.0,0.06856784644538098,-0.06856784644538098
31.0,14.19572427128293,3.4657359027997265,2.721014090338631,0.7447218124610955
28.000000000000004,14.504180028339109,3.367295829986474,2.7411096668159733,0.6261861631705008
0.0,0.6542096166017219,0.0,0.5033233217043773,-0.5033233217043773
1.0,0.3158180689935699,0.6931471805599453,0.2744585779007275,0.4186886026592178
2.0000000000000004,0.3767151355243758,1.0986122886681098,0.3197003250877599,0.7789119635803499
5.0,1.2376391230263732,1.791759469228055,0.8054213471227905,0.9863381221052645
1.0,3.732084445860796,0.6931471805599453,1.554365791658682,-0.8612186110987367
3.0,7.252631143398036,1.3862943611198906,2.110532075972842,-0.7242377148529513
0.0,0.44522892527107355,0.0,0.36826773480948527,-0.36826773480948527
73.00000000000003,43.57670930912924,4.30406509320417,3.7972115098256327,0.5068535833785375
12.999999999999996,8.0870338510213,2.6390573296152584,2.2068485459204563,0.4322087836948021
33.00000000000001,14.275590902799397,3.5263605246161616,2.7262561886170933,0.8001043359990683
2.0000000000000004,0.20864044038423477,1.0986122886681098,0.1894961249053341,0.9091161637627757
0.0,0.4418414695393685,0.0,0.36592109491301833,-0.36592109491301833
2.0000000000000004,0.4881796856541708,1.0986122886681098,0.3975536856084403,0.7010586030596695
0.0,0.2860354597005982,0.0,0.25156419907493827,-0.25156419907493827
0.0,0.44163301240291314,0.0,0.36577650744527823,-0.36577650744527823
10.000000000000002,15.154998487315872,2.3978952727983707,2.7822295056407946,-0.38433423284242396
0.0,0.7388247745806755,0.0,0.5532094681220227,-0.5532094681220227
16.0,0.9355523136853905,2.833213344056216,0.6603927191825163,2.1728206248737
10.000000000000002,12.870719058500395,2.3978952727983707,2.629780075701078,-0.2318848029027074
3.999999999999999,12.945337242766733,1.6094379124341003,2.635145204563776,-1.025707292129676
1.0,11.464976776764995,0.6931471805599453,2.522922853898374,-1.8297756733384287
0.0,0.15512610467230126,0.0,0.1442095195483469,-0.1442095195483469
0.0,1.5049987003423402,0.0,0.9182882157112804,-0.9182882157112804
0.0,0.7409833049689811,0.0,0.5544500714057725,-0.5544500714057725
35.99999999999999,16.18602056114275,3.6109179126442243,2.844096295279397,0.7668216173648275
0.0,0.21238515378457268,0.0,0.19258962081523065,-0.19258962081523065
8.000000000000002,0.36489443296678814,2.1972245773362196,0.31107708716027865,1.886147490175941
0.0,1.012506015672963,0.0,0.6993807194603813,-0.6993807194603813
1.0,1.8932927381633338,0.6931471805599453,1.06239520931701,-0.36924802875706464
0.0,0.7388247745806755,0.0,0.5532094681220227,-0.5532094681220227
1.0,3.9811985775026173,0.6931471805599453,1.6056705402915836,-0.9125233597316383
36.99999999999999,14.99661588597568,3.6375861597263857,2.7723771927424745,0.8652089669839111
26.999999999999996,137.87582947581308,3.332204510175204,4.933580220765093,-1.6013757105898896
0.0,5.965228178552739,0.0,1.9409303674349523,-1.9409303674349523
1.0,0.343951509744412,0.6931471805599453,0.2956141623908757,0.3975330181690696
2.0000000000000004,0.8181394886471081,1.0986122886681098,0.5978137192405175,0.5007985694275923
16.999999999999996,11.46399094862573,2.8903717578961645,2.522843762926727,0.36752799496943744
0.0,0.850031796844253,0.0,0.6152028264259104,-0.6152028264259104
11.0,11.980096948546619,2.4849066497880004,2.5634171803194388,-0.07851053053143842
0.0,0.6835689004070655,0.0,0.520915885664234,-0.520915885664234
1.0,0.6637097323130481,0.6931471805599453,0.5090498874669237,0.18409729309302159
21.000000000000004,12.53437077423891,3.091042453358316,2.6052324331964813,0.4858100201618347
0.0,0.07097328421654717,0.0,0.06856784644538098,-0.06856784644538098
0.0,0.1699442642988939,0.0,0.15695611032359735,-0.15695611032359735
0.0,0.16203556347418197,0.0,0.15017326336085193,-0.15017326336085193
2.0000000000000004,0.746159572473664,1.0986122886681098,0.5574188464106472,0.5411934422574626
0.0,0.17980387218083213,0.0,0.1653482146469139,-0.1653482146469139
0.0,0.8032206865353464,0.0,0.5895743363623189,-0.5895743363623189
0.0,0.6205870946968204,0.0,0.4827884877256157,-0.4827884877256157
10.000000000000002,6.094367691889251,2.3978952727983707,1.959301186399441,0.4385940863989297
2.0000000000000004,0.7276377599422896,1.0986122886681098,0.546755018743468,0.5518572699246418
0.0,1.235932695530888,0.0,0.8046584544511364,-0.8046584544511364
0.0,0.3233273544483075,0.0,0.280149287971645,-0.280149287971645
64.99999999999997,40.43789223416744,4.189654742026425,3.7241957335825475,0.46545900844387766
0.0,0.40460054000311846,0.0,0.33975294919601856,-0.33975294919601856
2.0000000000000004,0.5498518414617677,1.0986122886681098,0.4381593402088095,0.6604529484593002
5.999999999999999,4.953438171356798,1.9459101490553132,1.7839688965955365,0.16194125245977675
215.00000000000006,60.80215136633953,5.375278407684165,4.123938175610797,1.2513402320733684
0.0,1.10515460763945,0.0,0.7443889122469015,-0.7443889122469015
16.0,13.268332632868333,2.833213344056216,2.658042580434059,0.1751707636221571
1.0,2.8577030129806524,0.6931471805599453,1.3500719319923775,-0.6569247514324322
1.0,1.4393086940020345,0.6931471805599453,0.8917146770314995,-0.19856749647155425
96.0,3.1625887430029715,4.574710978503383,1.4261371747196554,3.1485738037837274
18.999999999999996,15.964213688101314,2.995732273553991,2.8311060480963963,0.16462622545759453
0.0,0.23045105170247973,0.0,0.20738081086432664,-0.20738081086432664
0.0,0.16038260408285718,0.0,0.14874978184186308,-0.14874978184186308
50.0,41.334948498173524,3.9318256327243257,3.7456129505628173,0.18621268216150844
0.0,0.1975785554219543,0.0,0.18030164766866863,-0.18030164766866863
0.0,0.08697831293773176,0.0,0.08340165664080776,-0.08340165664080776
0.0,1.1357215198366832,0.0,0.7588045379901461,-0.7588045379901461
1.0,0.5295783653478765,0.6931471805599453,0.42499211922169106,0.26815506133825423
5.0,0.5443379852198404,1.791759469228055,0.43459532999141837,1.3571641392366365
0.0,0.10102889387385976,0.0,0.09624510069670195,-0.09624510069670195
0.0,0.4540532853603852,0.0,0.3743550258678774,-0.3743550258678774
3.999999999999999,1.1455461739518031,1.6094379124341003,0.763394146519099,0.8460437659150013
0.0,0.2985176988121655,0.0,0.2612233822258239,-0.2612233822258239
1.0,1.0396863019179516,0.6931471805599453,0.7127960224621258,-0.019648841902180525
1.0,0.8186568998536412,0.6931471805599453,0.5980982615435512,0.09504891901639412
1.0,0.28008255124058495,0.6931471805599453,0.24692456900863857,0.4462226115513067
2.0000000000000004,1.4412678598196558,1.0986122886681098,0.8925175190323363,0.20609476963577344
16.0,12.066546351409016,2.833213344056216,2.5700552502855847,0.2631580937706315
2.0000000000000004,0.3604782470777594,1.0986122886681098,0.3078362901958532,0.7907759984722567
0.0,0.12082579051378652,0.0,0.11406572658407632,-0.11406572658407632
5.0,2.635969586068916,1.791759469228055,1.2908758116127335,0.5008836576153215
1.0,0.7403909650721505,0.6931471805599453,0.5541097805570443,0.139037400002901
1.0,0.30906889853009145,0.6931471805599453,0.26931612001938704,0.42383106054055825
0.0,0.40460054000311846,0.0,0.33975294919601856,-0.33975294919601856
1.0,0.806079830907342,0.6931471805599453,0.5911586571780743,0.10198852338187103
0.0,0.5172666734751434,0.0,0.41691047494689676,-0.41691047494689676
1.0,0.9558760346508135,0.6931471805599453,0.6708381926363339,0.022308987923611356
9.000000000000002,9.890704001486519,2.302585092994046,2.387909581456517,-0.08532448846247132
0.0,0.10102889387385976,0.0,0.09624510069670195,-0.09624510069670195
41.00000000000001,21.127222469046277,3.7376696182833684,3.0968086364275345,0.640860981855834
56.999999999999986,17.30103296825876,4.060443010546419,2.9069575046072775,1.1534855059391416
14.999999999999998,1.2781009248430673,2.772588722239781,0.8233421681889233,1.949246554050858
0.0,0.31286563604574225,0.0,0.27221225653185704,-0.27221225653185704
0.0,1.0931252611593991,0.0,0.7386582893364164,-0.7386582893364164
10.000000000000002,6.024534243521998,2.3978952727983707,1.949408913167357,0.4484863596310136
0.0,0.16203556347418197,0.0,0.15017326336085193,-0.15017326336085193
1.0,0.8067116116200734,0.6931471805599453,0.5915084037544942,0.10163877680545108
12.999999999999996,2.8573879448494246,2.6390573296152584,1.3499902561876138,1.2890670734276446
114.99999999999999,3.686777881816516,4.7535901911063645,1.5447453275501764,3.2088448635561884
0.0,0.06995031361396593,0.0,0.067612211520838,-0.067612211520838
8.000000000000002,5.965228178552739,2.1972245773362196,1.9409303674349523,0.2562942099012673
1.0,0.2012943805998874,0.6931471805599453,0.1833996259684041,0.5097475545915412
17.999999999999996,15.18449503808161,2.9444389791664403,2.7840536875143953,0.16038529165204496
2.0000000000000004,1.3984555588220022,1.0986122886681098,0.8748250130503621,0.2237872756177477
0.0,0.19170673423929988,0.0,0.17538651005049027,-0.17538651005049027
0.0,0.3378121738291174,0.0,0.29103557354798276,-0.29103557354798276
1.0,0.24912447433333865,0.6931471805599453,0.2224428853718192,0.47070429518812607
0.0,0.31286563604574225,0.0,0.27221225653185704,-0.27221225653185704
8.000000000000002,13.030416830533685,2.1972245773362196,2.641227603618418,-0.44400302628219857
1.0,0.5800068260542228,0.6931471805599453,0.45742916731702576,0.23571801324291952
0.0,0.23483374942828877,0.0,0.21093634517087465,-0.21093634517087465
17.999999999999996,1.40164408968762,2.9444389791664403,0.8761535401927448,2.0682854389736955
3.0,3.725580637587008,1.3862943611198906,1.5529904396576086,-0.16669607853771806
8.000000000000002,5.965228178552739,2.1972245773362196,1.9409303674349523,0.2562942099012673
0.0,0.347674348736708,0.0,0.29838040224885687,-0.29838040224885687
2.0000000000000004,3.3908436650755744,1.0986122886681098,1.4795213874557986,-0.38090909878768886
75.0,62.437144655274686,4.330733340286331,4.150049567727211,0.18068377255911994
0.0,0.25123403359371566,0.0,0.2241302912012163,-0.2241302912012163
0.0,1.0093754272384032,0.0,0.6978239410663581,-0.6978239410663581
9.000000000000002,12.660409817881837,2.302585092994046,2.6145018550016794,-0.3119167620076335
17.999999999999996,10.638967221245796,2.9444389791664403,2.454358711669749,0.4900802674966913
5.999999999999999,0.48743963668573975,1.9459101490553132,0.39705627723490733,1.548853871820406
0.0,0.001885377106462005,0.0,0.0018836020138410182,-0.0018836020138410182
0.0,0.47793793395969497,0.0,0.39064782838289824,-0.39064782838289824
113.00000000000003,18.020133731306817,4.736198448394496,2.9454980881812127,1.790700360213283
12.0,22.06521289704825,2.5649493574615367,3.1383255472749347,-0.573376189813398
0.0,0.24742627361344782,0.0,0.2210824475892463,-0.2210824475892463
23.999999999999996,13.747513381267224,3.2188758248682006,2.6910744842530288,0.5278013406151718
0.0,0.5698351339500192,0.0,0.4509706036233395,-0.4509706036233395
1.0,0.22237531983038128,0.6931471805599453,0.20079594929696493,0.49235123126298036
0.0,0.6628204103769966,0.0,0.5085152030245219,-0.5085152030245219
0.0,0.12082579051378652,0.0,0.11406572658407632,-0.11406572658407632
3.0,2.2590943232496072,1.3862943611198906,1.1814493418267848,0.20484501929310572
1.0,0.5225988394836374,0.6931471805599453,0.42041863769583043,0.27272854286411485
3.999999999999999,4.986356143274778,1.6094379124341003,1.7894829036972364,-0.1800449912631361
1.0,0.9921781113652872,0.6931471805599453,0.68922856850126,0.003918612058685267
3.999999999999999,8.169440418909947,1.6094379124341003,2.215876261386758,-0.6064383489526579
0.0,0.6919280571598667,0.0,0.5258687408709936,-0.5258687408709936
6.999999999999998,0.7154800126709304,2.0794415416798357,0.5396929322260107,1.539748609453825
0.0,0.2822860577220043,0.0,0.2486444675563227,-0.2486444675563227
21.000000000000004,12.735170968822379,3.091042453358316,2.619959767145221,0.47108268621309524
35.0,52.78591844497505,3.58351893845611,3.98501169396714,-0.4014927555110299
1.0,5.062613130625988,0.6931471805599453,1.802140916811305,-1.1089937362513598
1.0,0.343951509744412,0.6931471805599453,0.2956141623908757,0.3975330181690696
23.000000000000004,51.13744427216725,3.1780538303479458,3.953883390659721,-0.7758295603117751
12.0,18.46356500597257,2.5649493574615367,2.9685442565864277,-0.403594899124891
0.0,0.6790902286151874,0.0,0.5182521161483246,-0.5182521161483246
0.0,0.347674348736708,0.0,0.29838040224885687,-0.29838040224885687
14.999999999999998,12.336786431866988,2.772588722239781,2.5905261143057006,0.18206260793408058
0.0,0.22480097024385326,0.0,0.20277835752615483,-0.20277835752615483
2.0000000000000004,0.2012943805998874,1.0986122886681098,0.1833996259684041,0.9152126626997057
0.0,0.44300248808484455,0.0,0.36672600403476885,-0.36672600403476885
2.0000000000000004,3.769604030586975,1.0986122886681098,1.5622632889989645,-0.4636510003308547
0.0,0.4418414695393685,0.0,0.36592109491301833,-0.36592109491301833
2.0000000000000004,1.3488787184936921,1.0986122886681098,0.8539380732215327,0.24467421544657708
0.0,1.6039508671947016,0.0,0.9570298559635163,-0.9570298559635163
3.0,5.3510371280836,1.3862943611198906,1.8486181268254158,-0.46232376570552525
0.0,0.44907327301864897,0.0,0.3709242300508136,-0.3709242300508136
1.0,0.5511470265362723,0.6931471805599453,0.43899467437367096,0.25415250618627433
3.0,2.1797661176882954,1.3862943611198906,1.1568076461905439,0.2294867149293467
1.0,1.8633043512323137,0.6931471805599453,1.0519763254720487,-0.3588291449121034
0.0,0.4051765827300114,0.0,0.3401629765468022,-0.3401629765468022
0.0,0.4498669564399464,0.0,0.37147179804346353,-0.37147179804346353
0.0,0.12281433105042752,0.0,0.11583832909569536,-0.11583832909569536
3.0,5.129952631278934,1.3862943611198906,1.813187022557568,-0.42689266143767735
2.0000000000000004,5.965228178552739,1.0986122886681098,1.9409303674349523,-0.8423180787668425
0.0,0.15691043108472205,0.0,0.14575303042205257,-0.14575303042205257
0.0,0.057813133027130835,0.0,0.05620369498875318,-0.05620369498875318
0.0,0.22480097024385326,0.0,0.20277835752615483,-0.20277835752615483
0.0,1.5778849556879897,0.0,0.9469692781093011,-0.9469692781093011
0.0,1.1599803713336372,0.0,0.770099134309245,-0.770099134309245
